{
    "$schema": "https://schema.management.azure.com/schemas/2015-01-01/deploymentParameters.json#",
    "contentVersion": "1.0.0.0",
    "parameters": {
        "factoryName": {
            "value": "CrimeadataADF"
        },
        "ls_gen2_git_accountKey": {
            "value": ""
        },
        "ls_gen2_git_properties_typeProperties_url": {
            "value": "https://crimestg.dfs.core.windows.net/"
        },
        "ls_github_properties_typeProperties_url": {
            "value": "https://raw.githubusercontent.com"
        },
        "containerUri": {
            "value": ""
        },
        "containerSasToken": {
            "value": ""
        }
    }
}